sender,subject,body,sent_date
dev.team@startupx.com,Critical Bug - Payment Processing,"Our payment processing is failing for all credit card transactions. Error code: CC_GATEWAY_ERROR. This is blocking our revenue!",2024-12-06 08:00:00
qa.lead@softwaretech.io,Performance Issue - Database Queries,"The application response time has increased from 200ms to 3000ms since yesterday. Database queries seem to be the bottleneck.",2024-12-06 09:30:00
sysadmin@infrastructure.net,Server Downtime Alert,"Server cluster us-east-1 is experiencing intermittent downtime. Users in the Eastern US cannot access the service.",2024-12-06 11:15:00
security@fintech.company,URGENT: Potential Security Breach,"We detected unusual API calls from unknown IP addresses. Possible security breach. Need immediate investigation!",2024-12-06 12:45:00
devops@cloudservices.org,SSL Certificate Expiry,"SSL certificates for our production domains expire in 3 days. Need renewal process and deployment guidance.",2024-12-06 14:20:00
api.team@integration.hub,Webhook Failures,"Webhooks are failing with 500 errors since this morning. Our clients are not receiving real-time updates.",2024-12-06 15:50:00
mobile.dev@appstudio.com,iOS App Store Rejection,"App Store rejected our latest version citing privacy policy issues. Need guidance on compliance requirements.",2024-12-06 17:10:00
backend.engineer@microservices.co,Memory Leak in Production,"Production servers showing memory usage climbing to 90%+ and not releasing. Potential memory leak in the codebase.",2024-12-05 10:30:00
frontend.dev@webapp.solutions,Cross-Browser Compatibility,"Our application breaks on Safari and older versions of Firefox. CSS grid layouts not rendering correctly.",2024-12-05 12:00:00
data.analyst@analytics.firm,Database Migration Issues,"Data migration from MySQL to PostgreSQL failed at 60%. Need rollback strategy and migration troubleshooting.",2024-12-05 13:45:00
cloudarch@scalability.tech,Auto-scaling Problems,"Kubernetes auto-scaling not triggering properly under high load. Pods not scaling up despite CPU threshold breach.",2024-12-05 15:20:00
monitoring@observability.io,Alert System Malfunction,"Our monitoring alerts stopped working. Critical systems could fail without notifications. This is a major risk!",2024-12-05 16:55:00
storage.admin@bigdata.corp,Data Corruption Detected,"Found data inconsistencies in our main database. Backup validation shows some corruption. Need recovery assistance.",2024-12-04 09:15:00
network.engineer@connectivity.pro,CDN Configuration Issues,"CDN is not caching static assets properly. Page load times increased by 300% for international users.",2024-12-04 11:40:00
testing.team@quality.assurance,Automated Test Failures,"CI/CD pipeline failing due to integration tests. 15 out of 20 test suites are failing after latest deployment.",2024-12-04 14:25:00
platform.engineer@kubernetes.expert,Container Orchestration Problem,"Docker containers randomly crashing in production. No clear error logs. Need debugging assistance urgently.",2024-12-04 16:10:00
ml.engineer@aiservice.com,Machine Learning Model Degradation,"ML model accuracy dropped from 95% to 67% overnight. Possible data drift or model corruption.",2024-12-03 10:45:00
search.developer@elasticsearch.solutions,Search Index Corruption,"Elasticsearch cluster showing corrupted indices. Search functionality completely broken for users.",2024-12-03 13:20:00
cache.admin@redis.performance,Cache Invalidation Issues,"Redis cache not invalidating properly. Users seeing stale data that's hours old. Cache hit ratio dropped to 20%.",2024-12-03 15:35:00
logging.engineer@observability.platform,Log Aggregation Failure,"ELK stack stopped collecting logs from application servers. Lost 6 hours of critical debugging information.",2024-12-03 17:50:00
